{"cameraMode":{"drawMode":0,"name":"Shaded","section":"Shading Mode"},"sceneLighting":false,"audioPlay":false,"sceneViewState":{"m_AlwaysRefresh":false,"showFog":true,"showSkybox":false,"showFlares":true,"showImageEffects":true,"showParticleSystems":true,"showVisualEffectGraphs":true,"m_FxEnabled":true},"in2DMode":false,"pivot":{"x":-1.3264343738555909,"y":0.025925278663635255,"z":-2.132565975189209},"rotation":{"x":-0.4266408383846283,"y":0.21406154334545136,"z":-0.10467679798603058,"w":-0.8724752068519592},"size":0.4764000475406647,"orthographic":false}