{"cameraMode":{"drawMode":0,"name":"Shaded","section":"Shading Mode"},"sceneLighting":false,"audioPlay":false,"sceneViewState":{"m_AlwaysRefresh":false,"showFog":true,"showSkybox":false,"showFlares":true,"showImageEffects":true,"showParticleSystems":true,"showVisualEffectGraphs":true,"m_FxEnabled":true},"in2DMode":false,"pivot":{"x":2.006640672683716,"y":0.33486974239349368,"z":-2.4037623405456545},"rotation":{"x":-0.4266408383846283,"y":0.21406154334545136,"z":-0.10467679798603058,"w":-0.8724752068519592},"size":0.5696186423301697,"orthographic":false}