{"cameraMode":{"drawMode":0,"name":"Shaded","section":"Shading Mode"},"sceneLighting":false,"audioPlay":false,"sceneViewState":{"m_AlwaysRefresh":false,"showFog":true,"showSkybox":false,"showFlares":true,"showImageEffects":true,"showParticleSystems":true,"showVisualEffectGraphs":true,"m_FxEnabled":true},"in2DMode":false,"pivot":{"x":1.5037775039672852,"y":0.4810354709625244,"z":2.670546054840088},"rotation":{"x":-0.4266408383846283,"y":0.21406154334545136,"z":-0.10467679798603058,"w":-0.8724752068519592},"size":1.9054769277572632,"orthographic":false}